,x,y,label,title
0,-0.7522730350843386,-0.016517962581746457,2,Feel Your Heartbeat: The Film (2022)
1,-0.5368310428127915,-0.3896585122861182,0,The Witcher 3: Wild Hunt - Blood and Wine (2016)
2,0.12031166098844558,0.7362836557028218,0,The Witcher 3: Wild Hunt - Hearts of Stone (2015)
3,0.7335700254387449,0.03498795652859713,1,Brothers from Malta (2022)
4,0.3598703972766324,-0.08943048435057119,0,The Priceless Moments (2021)
5,-0.004282857991236628,-0.27628593487514114,3,Dancing Through the Shadow (2021)
6,-0.47749438354422236,-0.5867843711102919,0,Legend of the Galactic Heroes (1988)
7,0.2502614546160564,0.7766068788763161,0,"Carlo Goldoni: Venezia, Gran Teatro del Mondo (2007)"
8,-0.6401937208929023,0.4175100629123517,0,Voynata na taralezhite (1979)
9,-0.4010995445285715,-0.23256464351092984,2,Flames (2018)
10,-0.667789413621942,0.35386132968069445,0,The Mystery of the Black Book (2019)
11,-0.7605502364314868,0.3131923339304557,0,A tanú (1969)
12,-0.5045041242334124,-0.2528272787320313,2,The Big Picture (2007)
13,-0.10074346207130254,-0.5290051605388535,5,"Pretty Village, Pretty Flame (1996)"
14,0.6782382032367127,0.24623867059284543,0,Yakhanyeongung (2022)
15,0.10318744352118714,-0.1336336432751756,3,The Intouchables (2011)
16,-0.5369092205231089,-0.619430269461398,0,Attack on Titan: Chronicle (2020)
17,-0.6030822091588641,-0.3121061404535752,2,Midnight Diner: Tokyo Stories (2016)
18,0.07258652616556868,0.7354914125221895,0,Capernaum (2018)
19,0.21999655351112335,0.7855415698476275,0,Flames: The Movie (1997)
20,-0.034084507827737476,-0.6604201893394362,5,Ernest & Rebecca (2019)
21,0.15198472315231193,0.38861946334582853,3,Heartbeat (2021)
22,0.12801613899701084,0.1901418284827653,0,The Hunt (2012)
23,0.6080687452819135,-0.16211840315038473,1,Pather Panchali (1955)
24,0.735115061478474,0.016342923579703756,1,Incendies (2010)
25,-0.3924109549536142,-0.5451597854799095,0,Supercops V/S Supervillains (2012)
26,-0.6192642239844819,-0.18127005905389948,2,The Lemon Tree (1993)
27,-0.5386972780174216,0.5567624531231612,0,The Case Is Solved. I Know Everyone Who Tried to Kill Me (2020)
28,-0.5723842976219135,0.3821616815191245,0,Not Knowing Who You Are Is a Beautiful Source of Surprises (2016)
29,0.469787365348985,0.6199453041783771,0,The Passion of Joan of Arc (1928)
30,-0.6942690167210916,0.05306347306372294,2,An Action Hero (2022)
31,0.400979031080561,-0.3352985409184013,0,Rocco and His Brothers (1960)
32,0.19068419676061743,-0.7538074595266068,0,The Grandmaster of Kungfu (2019)
33,-0.4797648799358487,-0.6619934270989295,0,Black Butler: Book of Circus (2014)
34,0.19068757381175053,-0.753806322440341,0,Legend of the Blue Sea (2016)
35,0.16943288489485075,-0.4824397771392129,0,Mobile Suit Zeta Gundam (1985)
36,0.005072149954876292,0.5427297362110088,2,@ in the Mood for Love (2001)
37,-0.64245743923867,-0.050711651177463346,5,The War on Drugs (2007)
38,-0.0852802183182801,-0.1021217735013222,3,Un amour à taire (2005)
39,-0.4801342498093867,0.6768673403625951,0,Jean Michel Jarre: Oxygene in Moscow (1997)
40,-0.43376018795442245,-0.4589922276007672,5,Oxygen (2018)
41,-0.033915759892357664,-0.6953887848647737,5,Path of Exile (2012)
42,0.5363703258281289,-0.43033438711905386,3,Tokyo Girl (2016)
43,0.3988084592726029,-0.6152391563146039,0,Perfect Blue (1997)
44,0.5191725738931525,-0.5568044095274817,0,The Long Road Home (1989)
45,0.3348337293899309,0.5329942557244502,0,Everybody Wants to Help Ernest (1991)
46,-0.15484616660574552,-0.5077703286903795,5,Steamin' and Dreamin': The Grandmaster Cash Story (2009)
47,0.6477446852136919,-0.0839707089472347,1,Liebe Amelie (2005)
48,-0.2723840811241498,0.5099968103375261,4,The Long Road Home (2012)
49,-0.5162581680376405,0.07672943715717181,4,Infernal Affairs (2002)
50,-0.6554268012316902,-0.16502156189452066,2,The Beaches of Agnès (2008)
51,-0.45641123724984795,-0.21037594798872974,2,Black Butler: Book of Murder (2014)
52,0.07546155575672388,0.28443328400554796,4,Mommy (2014)
53,-0.0392963000611207,-0.47694160522529244,0,Girls Hostel (2018)
54,-0.4666045498168111,-0.3492380299594255,2,Fearless Whispers (2020)
55,-0.7082949798062902,0.286769314017426,0,Athena Ex Nihilo (2013)
56,-0.7974120350282906,0.18715343982222624,0,The Fairy Faith (2000)
57,-0.5175903686847365,-0.32002588689871314,2,24 Hrs. In the City (2003)
58,0.3988084592726017,-0.6152391563146044,0,Cléo from 5 to 7 (1962)
59,0.36248926283757055,0.6445437483149247,0,Elevator to the Gallows (1958)
60,-0.18368415871601618,0.24566111818374078,4,Three Colors: Blue (1993)
61,-0.4531363771415719,-0.2579235859986905,2,The Arbit Documentation of An Amphibian Hunt: Aavasavyuham (2022)
62,0.40049818219803063,0.18268901220993275,1,Amour (2012)
63,-0.03720341976286099,-0.6072258207943131,5,Last Exile (2003)
64,-0.2696460063661556,-0.7168453030532838,0,Sonic the Hedgehog CD (1993)
65,0.6844834542575051,0.0016281204145428695,1,The Two of Us (2009)
66,0.788694141362972,0.2546905762522523,0,"Ernest and Célestine, The Collection (2017)"
67,0.2644612705741775,-0.7696464267658822,0,Mazinger Z (1972)
68,-0.7522730350843546,-0.016517962581424704,2,A Year at the Front: Behind the Scenes of 'A Very Long Engagement' (2005)
69,0.09410993101655005,-0.4846732801618292,5,The Music According to Antonio Carlos Jobim (2012)
70,-0.39961683773462825,0.3278715957708889,4,Tokyo Godfathers (2003)
71,0.27670296256382454,0.40422816049176863,0,The Two of Us (2014)
72,-0.5732638050393568,-0.367345358221829,2,Au hasard Balthazar (1966)
73,-0.013801816136573766,0.13891388294815754,2,Shadows of Forgotten Ancestors (1965)
74,0.042101826740927925,-0.48643643845212725,0,It Happened in Broad Daylight (1958)
75,-0.7415327876308876,0.1797317214107028,0,One Piece Film Z (2012)
76,-0.21509898596508725,0.004147477363432858,3,Blue Velvet (1986)
77,0.2567562106484477,0.011161203896624027,3,Blue Is the Warmest Colour (2013)
78,-0.6357909822226901,-0.5122361876476182,0,Inuyashiki (2017)
79,0.05930330820604804,-0.6062945301768562,5,The Eminence in Shadow (2022)
80,-0.15276605793424802,0.48932451153219875,4,Breathless (2018)
81,0.21546653695580412,-0.5773895948578114,0,The Blind Man Who Did Not Want to See Titanic (2021)
82,0.03385085523065267,0.6453910554954141,0,Point Blank (2015)
83,0.4838532037631714,-0.13891550960734658,1,The Quiet Girl (2022)
84,0.09585717231230648,0.32436435700103816,3,The Vanishing (1988)
85,0.20588090032306033,0.5114370071836213,0,The Broken Circle Breakdown (2012)
86,0.5472447358190714,-0.10628590965124199,1,Amélie et Compagnie (2017)
87,-0.5594184210334779,0.4217412501058368,0,Tokyo Ghoul: Root A (2015)
88,-0.5279883857543891,-0.047973624363870496,2,Heroes of the Long Road Home (2017)
89,0.389940893418924,0.21950684473337365,0,Breathe: Into the Shadows (2020)
90,-0.18105723940318613,0.16259457461269852,0,Mischievous Kiss: Love in Tokyo (2013)
91,0.5566383530343174,-0.3733288349837279,0,Dragon Ball Z: Revival Fusion (1995)
92,-0.7568181093549087,-0.14931189053167407,0,Killing the Indian in the Child (2021)
93,0.35205091336875854,0.3514731322328985,0,Pickpocket (1959)
94,-0.3195556560462651,-0.43481980950038457,5,Last Train Home (2009)
95,-0.0636350653625352,-0.82388270167163,0,The Incredibly Sad Princess (1968)
96,-0.05520140223806135,0.8152151191770627,0,Busted! (2018)
97,-0.23954048794617636,-0.23455554745500004,5,Perinbaba (1985)
98,0.5419403093754662,-0.30109759839777706,0,The Man Without a Past (2002)
99,-0.021352070665315307,-0.5797147338806586,5,L'enfant de personne (2021)
100,-0.636132853825122,-0.09916490862360158,2,"The Battle of Algiers, a Film Within History (2017)"
101,0.6033783918011703,-0.06482183716799718,1,In a Better World (2010)
102,0.7475547589904412,-0.08028762172861238,1,Tokyo Sonata (2008)
103,0.5024449553431728,-0.34997793532409815,0,The Big Picture (2000)
104,-0.5617708373112781,0.2650855923752502,4,The Fairies (2005)
105,-0.24981943253291022,-0.4267793916992646,5,Damage Done: The Drug War Odyssey (2006)
106,-0.2710105241858787,0.12199106278966788,0,I Know Who You Are (2017)
107,0.7503402689378842,0.34317623392518576,0,Elle s'appelle Sabine (2007)
108,0.27566937057785046,-0.17912845451487985,3,Le Grand Amour (1969)
109,-0.0831684594631555,-0.16450355473634123,0,Elling (2001)
110,-0.07314720510758203,-0.2791409200287376,5,The Adventures of Young Indiana Jones (2002)
111,-0.15500815161634768,0.7281090584700466,0,Monsieur Lazhar (2011)
112,0.651593486275177,0.12462166718606497,0,The Long Farewell (1971)
113,0.11184417739587825,0.6427338457675148,0,Liza the Fox-Fairy (2015)
114,-0.35689027927150857,-0.6813285073674097,0,O Velho: A História de Luiz Carlos Prestes (1997)
115,0.3089516127818844,-0.35497100272588644,0,Tokyo Trial (2017)
116,0.6925029238555193,-0.14894764197992083,1,Brothers (2004)
117,-0.6834441491876776,-0.16824284084759727,0,Breathless (2008)
118,0.17532844958938845,0.45078875417246067,3,A Royal Affair (2012)
119,0.39978384556272506,-0.31457250776201434,0,Resident Evil Village: Shadows of Rose (2022)
120,-0.18149148462557843,0.42094485946734767,5,Cautious Hero: The Hero Is Overpowered but Overly Cautious (2019)
121,-0.6030822091588643,-0.3121061404535745,2,"Cinema, mon amour (2015)"
122,0.11381666897912322,-0.6820456382229881,5,A Town Called Panic (2009)
123,0.6576469274796329,-0.09746291374840801,1,Tomboy (2011)
124,0.6523155403709131,-0.5047033138893515,0,Alice (1988)
125,0.33990773097641136,0.14053271220245395,3,The Kid with a Bike (2011)
126,-0.47749485439115463,-0.5867838855718291,0,Megafires (2019)
127,-0.1553292103740364,-0.055199605602087976,3,The Child (2005)
128,0.6414023349696322,-0.1388348467934789,1,Song of the Exile (1990)
129,0.6210657506613717,-0.5415162646833865,0,Happening (2021)
130,0.6430074051316111,-0.14653443875532032,1,Gurbet Kuslari (1964)
131,0.709649288293135,-0.19824827653789606,1,The Hunting Ground (2015)
132,0.07049558385750454,-0.33409432383646864,3,Rules of the Game (2014)
133,0.47582773761144026,0.36047192056549615,0,Travelers and Magicians (2003)
134,-0.3812598414632984,0.5248264595288483,4,Pickpocket (1997)
135,0.42196439745485165,-0.3902732460247164,0,Seraphine (2008)
136,0.25710990817706386,0.10744311767580561,3,L'Enfant Terrible (2019)
137,0.29464062175354433,0.2435998861244385,3,2046 (2004)
138,0.6869811327518621,-0.3735788792910053,0,The Secret of the Grain (2007)
139,0.6949499198211262,-0.17766796125107004,1,Leila's Brothers (2022)
140,-0.0962445442517575,-0.1737815430060296,3,URÆD - FEARLESS (2022)
141,-0.25851754668586563,0.6500301176534824,4,"Biyudo si daddy, biyuda si mommy (1997)"
142,-0.3924109553324157,-0.5451597852437248,0,"Charles, Emperor King (2015)"
143,0.5901386121765421,-0.455805451402611,0,Enteng Kabisote 2: Okay ka fairy ko... The legend continues (2005)
144,-0.00900455674395086,-0.6848630066041468,5,The World's Finest Assassin Gets Reincarnated in Another World as an Aristocrat (2021)
145,-0.6272407182791992,0.128822818026644,0,Heartbeat (2010)
146,-0.35397462160472615,-0.6826002459234555,0,Tokyo Trial (2016)
147,-0.0791191483556188,0.067232533924852,3,Shaolin Soccer (2001)
148,0.2347947874223356,0.6313627041791752,0,A Summer Tale (2000)
149,-0.06637892735293381,0.5249468925636716,2,Another Coin for the Merry-Go-Round (2021)
150,-0.29340379722297144,0.3272257522420284,0,13 (2005)
151,0.2795509176160399,-0.03993756438709392,3,The Legendary Life of Ernest Hemingway (1989)
152,0.2207222301061197,-0.12380952772489404,3,The Hedgehog (2009)
153,0.6121125512698772,0.17337807567803704,0,Let the Child Be the Guide (2017)
154,0.5419403093757793,-0.30109759839820294,0,Obsluhoval jsem anglického krále (2006)
155,-0.05799754166053299,0.609516109097783,4,Infernal Affairs II (2003)
156,-0.3787671234637409,-0.2808785417801513,2,Ajami (2009)
157,-0.5672556827046958,0.4600529712187166,0,Nothing Ever Happened (2022)
158,0.2435992457012959,0.09107381295901298,3,L'enfant de Paris (1913)
159,-0.2074448354886826,-0.7969312283228939,0,Polisse (2011)
160,0.29762489633131034,0.49834608621879933,0,Farewell to the Ark (1984)
161,0.271307616469798,0.18861773443296032,3,Rundskop (2011)
162,0.6129383631253509,0.026440861541880148,1,The Hunting (2019)
163,-0.6574381748856819,0.1721387114337186,0,Raw (2008)
164,0.4336991641871347,0.009213811124009744,1,Tokyo Ravens (2013)
165,0.10903108342338716,-0.24592590549495483,3,In the Name of Love (2008)
166,-0.7044596704867401,-0.018952048605413416,2,Se souvenir des cendres - Regards sur Incendies (2010)
167,-0.25924745860454507,0.43556701158823075,4,When Heroes Fly (2018)
168,0.8137506300137949,0.16440420858052807,0,Au four et au moulin: les coulisses de Micmacs à Tire-Larigot (2010)
169,-0.09833421940238742,-0.6669561074731094,5,"Zyuden Sentai Kyoryuger vs. Go-Busters: Dinosaur Great Battle! Farewell, Eternal Friends (2014)"
170,-0.6341585630924118,0.23549701528619413,0,Fearless: The Women Fighting Putin (2022)
171,-0.5763964461398113,-0.17950405933588934,2,Stars in the Sky: A Hunting Story (2018)
172,0.4589477547896033,0.384495118407588,3,I Still Hide to Smoke (2016)
173,-0.037001346419344855,0.7461874356596405,0,You Don't Know Who You're Talking To (2016)
174,-0.03680257960594446,0.2707204074782012,3,Adem (2010)
175,-0.18817808089126856,0.31973789107231493,4,The Age of Assassins (1967)
176,0.31504013955029353,0.07909065376675342,3,À Nos Amours (1983)
177,0.284392486526015,-0.011128649495603002,3,"The Night, Angel and Our Children (1994)"
178,0.6999851881061657,0.23727316258323605,0,My Brothers and I (2021)
179,0.1656911143543441,0.6330418980076418,0,Balzac and the Little Chinese Seamstress (2002)
180,-0.5791995714866921,-0.4989492088614876,0,Exiled (2006)
181,-0.603082209158865,-0.31210614045357443,2,Lumumba (2000)
182,-0.12016852381132673,-0.6556022905313523,5,Flame & Citron (2008)
183,-0.34742547669519824,0.6161233131857863,4,The Emperor and the Assassin (1998)
184,-0.7579296059267088,-0.31621571956823336,0,Vice caché (2005)
185,-0.603082209158865,-0.31210614045357465,2,Fearless: The Inside Story of the AFLW (2022)
186,0.320806851033861,-0.4380299073611084,3,The Flaming Heart (2021)
187,0.4852591730098261,0.24590459514320007,0,La vie devant elles (2015)
188,0.3952053428726186,-0.7174636493053979,0,"Ernest Hemingway, quatre mariages et un enterrement (2021)"
189,-0.4428426957415923,-0.08684966801140839,2,Alphaville - Inside the Wall (2009)
190,-0.4182131049130184,-0.7035240654494669,0,Stones in Exile (2010)
191,-0.4975435600929905,-0.4149493749472715,2,The Gleaners and I: Two Years Later (2002)
192,0.39211704543187864,-0.42362581727881454,0,Tokyo Drifter (1966)
193,0.5857215364247633,-0.1659390127421916,1,Blue Ruin (2013)
194,-0.10325045083884077,0.01356520768338238,0,Man on the Train (2002)
195,0.1520404967016157,0.7337014380304251,0,The Fearless Vampire Killers (1967)
196,0.5416408460229917,0.2275669131569421,0,A Child's Secret (2006)
197,-0.22565778490794855,0.35898188265848313,4,Timbuktu (2014)
198,-0.7281075562601228,-0.16423647074498895,0,Anything for Her (2008)
199,0.7072739898288134,-0.0010522075572004445,1,Maman est chez le coiffeur (2008)
200,-0.03843585925038625,-0.7256821996754997,5,Carlos Ghosn: The Last Flight (2021)
201,0.023899108441616333,-0.14556522479661327,3,The Names of Love (2010)
202,-0.5536899178743953,-0.051696403295441604,2,Heartbeats (2010)
203,0.09959031186761395,0.017771074835479055,3,Lorna's Silence (2008)
204,-0.2726862835605393,-0.2085363703698139,0,How I Celebrated the End of the World (2006)
205,0.7709299928110335,0.1894986495247378,0,The Brothers Lionheart (1977)
206,-0.6574381447974847,0.17213875973291817,0,24 City (2008)
207,0.6685258139685554,0.1011922807541137,1,"Farewell, Home Sweet Home (1999)"
208,-0.6260214080095712,0.014894000614808157,2,She Spent So Many Hours Under the Sun Lamps (1985)
209,-0.12505307546409353,0.10592581469100909,2,The Flame's Daughter (2018)
210,0.43364475017914683,0.2683640396691231,0,L'enfant perdu (1997)
211,-0.3474254766951981,0.6161233131857868,4,Nero a metà (2018)
212,-0.0941168765469401,-0.7370511229321786,5,Last Exile: Gin'yoku no Fam (2011)
213,-0.053926607198624986,-0.6673007745460143,5,Tokyo Mew Mew (2002)
214,-0.025806824454763292,-0.5530124291262707,0,Making of House of Flying Daggers (2004)
215,0.5931322649910757,0.1285025968954972,1,Ernest et Célestine en hiver (2017)
216,-0.48703073489730253,0.5668657922655659,0,Dragon Ball Z: Super Android 13 (1992)
217,-0.6858874064833677,0.03595473389430477,2,The Models of 'Pickpocket' (2003)
218,0.09357876360600557,0.8074720893337212,0,All of Our Heartbeats Are Connected Through Exploding Stars (2022)
219,-0.506583794139664,0.24116218705423992,0,John the Fearless (1984)
220,0.34811562526429524,-0.4212402589383282,0,Up and Down (1993)
221,0.293071152850067,-0.4086029463916233,0,The Page Turner (2006)
222,-0.5331043106090205,0.16730973016607306,0,Fairy Tail: Priestess of the Phoenix (2012)
223,-0.09500127479014903,-0.3292129653724773,0,The Five of Us (2004)
224,-0.7751534050229597,-0.2705487658494838,0,La dialectique peut-elle casser des briques? (1973)
225,0.6751817126205399,-0.19245929434990877,1,Against Their Will (2012)
226,-0.4049886948186002,0.5560550365240062,4,Nafas-borideh (1978)
227,-0.12256477765023392,0.3933963095235028,4,Chicken with Plums (2011)
228,0.248080239502754,0.6975690342393379,0,Sister (2012)
229,0.45829815826262993,-0.4752857257539562,4,Alphaville (1965)
230,0.1829766619260708,0.06513845884945282,3,Raw (2016)
231,0.18535353446300884,0.015734682829059828,3,Declaration of War (2011)
232,0.3409714272650765,0.6148424992224726,0,Winter in Wartime (2008)
233,0.6766083788787175,0.1771007525249247,0,Ip Man 3 (2015)
234,-0.7784755582698375,0.2578417554544762,0,Drug War (2012)
235,-0.7503250062223549,-0.2064965205333794,0,Up and Down (2004)
236,0.5747428101168742,0.4598912841867145,0,The Time That Remains (2009)
237,-0.201992393460118,-0.45705990790714357,2,Sadness and Joy in the Life of Giraffes (2019)
238,-0.6222542034318838,-0.24158268759960475,2,Tokyo! (2008)
239,0.538461174023963,0.30103983615693936,5,Farewell (2009)
240,0.5530897348241818,-0.5487241333343267,0,Shadow (2018)
241,-0.44550959308109433,0.28926065285863145,4,In the Shadows (2017)
242,-0.1285327192492223,0.6571644689840671,0,Farewell to the Land (1982)
243,0.4110456199685601,-0.03143203943650997,1,An Impossible Love (2018)
244,-0.3075313890782658,0.6317259874536839,4,Mon amour (2020)
245,-0.49984862552677,-0.5654625279427021,0,Elles et moi (2008)
246,-0.3551391922497126,0.25897056766535237,4,Alev Alev (2020)
247,-0.657438144814956,0.17213875970431142,0,Sjit Happens (2012)
248,-0.20910905829031645,-0.04742793844757637,0,A Cat in Paris (2010)
249,-0.4448231851313926,-0.03679286557284768,2,The Lunnis and the Great Fairy Tales Adventure (2019)
250,0.10122784813513616,-0.8138677496795981,0,Supercop (1992)
251,-0.679479167935274,-0.09848910610470021,2,Oxygen Starvation (1992)
252,0.10355954645170286,0.11210169190245889,3,The Plessis Girls (2016)
253,0.40529479544164393,0.582497732951148,0,Black Statement Book (1963)
254,0.48025159152620034,-0.38355656600245613,0,The Assassination of Richard Nixon (2004)
255,0.22365262213362827,0.4955514525480229,0,La garçonne (1936)
256,0.06265678248615655,-0.36680306250812,3,Lupin III: Farewell to Nostradamus (1995)
257,-0.35350025239717003,0.09900839467455545,0,Flame and Women (1967)
258,0.6266988129563148,0.33989221412623527,0,Things to Come (2016)
259,0.5972304748681543,0.2176142330498055,0,Der letzte Zeuge (1960)
260,0.1529074125174005,-0.2318598487127889,0,The Dawn of the Sad Street (2008)
261,0.5750168847902375,-0.08264464213349629,1,White Material (2009)
262,0.16412226215371634,-0.09247022035780562,3,Our Children (2019)
263,0.3830725898407803,0.11500085880421035,1,Nothing Bad Can Happen (2013)
264,0.46015742369452817,0.4287792627315495,3,Le petit lieutenant (2005)
265,0.4847923349241502,0.40762329626655275,3,Soldier Blue (1970)
266,-0.5901773543669446,0.09656094377588871,0,The Witnesses (2007)
267,-0.1902608115757863,0.5795783929184832,0,Springtime in a Small Town (2002)
268,-0.7522730350801276,-0.016517962662481456,2,Three... Extremes (2004)
269,0.385535844783285,-0.2865518674805579,0,Mountains May Depart (2015)
270,0.06845160708191048,0.8095069483042516,0,Who Knows? (2001)
271,-0.2702052955819739,-0.41536548985255134,2,Caught in the Heartbeat (2018)
272,-0.7522730350803479,-0.01651796265820799,2,Abdullah: The Final Witness (2015)
273,-0.7522730350793941,-0.016517962676496644,2,I Know an Old Lady Who Swallowed a Fly (1964)
274,-0.09411687653247518,-0.7370511229323938,5,The Mysteries of Alfred Hedgehog (2010)
275,-0.6030822091588625,-0.3121061404535744,2,Carlo (2004)
276,-0.6672331581229098,0.30384431205272844,0,The Chargesheet: Innocent or Guilty? (2020)
277,-0.42985767575096306,-0.2776349242037404,2,Raw FM (1997)
278,-0.2695521304477809,-0.6597435157815247,0,Le mystère du lac (2015)
279,0.47461935611831324,-0.2365037824354335,0,Priceless (2012)
280,0.05619984621610564,0.6228825491896572,0,The Two Of Us (2018)
281,-0.2822140193361486,0.7350516433617313,0,Code Geass: Akito the Exiled 2 - The Torn-Up Wyvern (2013)
282,0.4800556410828786,-0.28211674329445285,0,Point Blank (2010)
283,0.2848319548065486,0.36059915025034256,0,Red Cliff (1949)
284,-0.18226017443500617,-0.5588539827701868,0,Holy Flame of the Martial World (1983)
285,0.32647801133967286,-0.28507481027776216,3,The Man on the Train (1958)
286,-0.633024355398095,0.17376605189474092,0,Sand Storm (2016)
287,-0.5040703154308427,0.0675982162225871,0,Lingui (2021)
288,0.6868221088962657,-0.45866165166577644,0,The Sad Widows of the Warlord (2016)
289,-0.5723842975863196,0.38216168154741775,0,Point Blank (2016)
290,-0.016827616404336658,-0.4159077509846392,5,Cache cache (2005)
291,-0.41930727382306626,-0.37747390966874994,2,(S)He (2020)
292,-0.4139927159068249,0.32437135684692253,4,Timbuktu (2004)
293,-0.420381565085382,0.6082641139840583,3,Fearless Kungfu King (2020)
294,0.44457400281949644,-0.6906425814130474,0,Terribly Happy (2008)
295,0.621863764928754,0.5325370137701638,0,"Destroy, She Said (1969)"
296,-0.293050310221157,-0.4840355511442066,0,La Virgen de los Sicarios (2000)
297,0.3372279819599661,0.7425877142375685,0,OSS 117: Lost in Rio (2009)
298,0.09101542645026062,0.21139667458860803,3,Kiss Me (2011)
299,0.6314382847530734,0.012960076047327037,1,The Forgiveness of Blood (2011)
300,0.6494148256528584,-0.3118926355385366,1,Our Children (2012)
301,0.610390419785546,0.36285010029812054,5,The Witness (2018)
302,0.6927322149120467,-0.25813794916503624,1,"Farewell, Mr. Haffmann (2021)"
303,0.5194029143030394,-0.28319621641894777,0,Tom of Finland (2017)
304,-0.4501949620186073,-0.31578458304640794,2,Infernal Affairs III (2003)
305,0.06274775318136577,0.40249047486129047,3,Forever Young (2022)
306,0.4111822462001797,0.5647448829797659,0,Shadow Detective (2022)
307,0.23732098449066844,0.3530082346764064,0,I Love You 2 (2017)
308,0.45786955145868086,-0.5317176962956554,0,Tokyo Ghoul: re (2018)
309,0.41784900263323477,-0.07159060238516661,5,The Cat in the Closet (2016)
310,0.375900889883511,-0.6505152541024124,0,The World for the two of us (2022)
311,-0.6030822091588625,-0.31210614045357427,2,Kohtaamisia (2009)
312,-0.47749519334268814,-0.5867835360408887,0,Rules of the Game (2015)
313,0.5473629744194083,-0.035464724520070524,1,My Best Friend (2018)
314,0.637003728703439,0.2900196920189427,0,Tomboy (2008)
315,0.5030886298117875,0.5644310278115634,0,Fearless (2017)
316,-0.5659375844312138,-0.313954015028392,2,Shall We Kiss? (2007)
317,-0.7522730350798298,-0.01651796266813674,2,Tel Aviv on Fire (2018)
318,0.35239688907724787,-0.6174164533271969,0,Exils (2004)
319,0.10427265669308874,-0.07083599814299955,3,"Polina, danser sa vie (2016)"
320,-0.03352076025213391,0.4020400669667733,4,The Bridesmaid (2004)
321,0.7059331576010928,-0.04100595830176234,1,Bamako (The Court) (2006)
322,-0.6713495877304055,-0.38586391489117156,0,Farewell Song (2019)
323,0.6677722967182937,0.08326733227284537,1,Fu zi (2006)
324,-0.5522397134294208,-0.2896810784502691,2,Exile (2020)
325,-0.47547784003442684,-0.2545354909850639,2,Franz + Polina (2006)
326,0.15590052627703854,0.5819071567635421,0,"Ana, My Love (2017)"
327,-0.3872978454948862,-0.17406378235219677,2,Savage Hunt of King Stakh (1980)
328,0.7475547589904418,-0.08028762172861238,1,The Brothers Karamazov (1958)
329,-0.23869706933100093,0.787450215985169,0,Lady Chatterley (2006)
330,-0.5916894607511437,0.15616636498079353,0,Heartbeats (2022)
331,-0.1503423128229135,-0.41232597520279596,0,Code Geass: Akito the Exiled - The Wyvern Arrives (2012)
332,0.11193557511593343,-0.32010946427430875,0,Kuro Gal ni Nattakara Shin'yuu to Shite Mita. (2021)
333,0.5676525467362434,0.14622522753161132,1,Sexe et amour en Russie (2020)
334,0.6181877008057474,0.2576140460852108,0,"Tule tagasi, Lumumba (1992)"
335,0.26802608948925216,-0.23588967878510508,0,The Moustache (2005)
336,0.25657994224175124,0.578118029974569,0,The Vanishing of Pato (2010)
337,0.40070262628486925,0.05776485436248014,0,L'enfant noir (1995)
338,0.7321935003058858,-0.15756149177579268,1,Flame in the Streets (1961)
339,-0.036668278390297765,0.6751619640629472,0,Malila: The Farewell Flower (2017)
340,-0.1670205122804902,0.1014707591717737,3,The Fearless Hyena (1979)
341,-0.08471057431560065,-0.2171960641948458,3,The Child Prodigy (2010)
342,0.37413033336525436,-0.16533901062976522,0,Carry on Pickpocket (1982)
343,0.5448280619456721,-0.4998654828592869,0,Farewell to the Night (2019)
344,-0.7281353232375474,-0.2802884603119247,0,Lilet Never Happened (2012)
345,-0.16273131888550318,-0.7164994793845311,5,Goodbye First Love (2011)
346,0.19578261691979018,0.17721689552724204,3,Séraphin: Heart of Stone (2002)
347,-0.03120790170404173,0.7457263314210483,0,Detective Dee: The Mystery of the Phantom Flame (2010)
348,0.39906284206236925,0.1383020997339272,3,Marie-Jo et ses 2 amours (2002)
349,0.28685456494038464,-0.760560156881324,0,Outside the Law (2010)
350,-0.3474254766951979,0.6161233131857877,4,Code Geass: Akito the Exiled 4 - From the Memories of Hatred (2015)
351,0.3653039669132911,0.7294493356414096,0,Caravaggio's Shadow (2022)
352,0.3854682958556756,0.28860118485427494,0,Vita da Carlo (2021)
353,0.4805917074148737,0.2968919839269637,0,Born in Flames (1983)
354,0.6543919745774914,0.40065797341894577,0,Return of the Hero (2018)
355,-0.0870500845916757,-0.4497748799881087,0,The Girl Next Door (2007)
356,-0.3577528511390349,-0.30611497072001653,0,The Smiles of Sad Men (2018)
357,-0.4261540094931508,0.5781876460713444,4,Exiled (2016)
358,-0.5374840870725419,0.5351707026740494,0,Flaming Star (1960)
359,0.3329116931559847,-0.7432587309882145,0,The Vanished (2018)
360,0.4706511581124286,-0.5487384659274719,0,District 13: Ultimatum (2009)
361,-0.2504750304653806,-0.6271638678974476,0,Master Z: The Ip Man Legacy (2018)
362,0.7568201816860781,-0.18069363599848803,0,The Bullet Vanishes (2012)
363,0.2359962749519997,-0.15048259589210813,3,The Secret of the Ant-Child (2011)
364,-0.062426757257693144,0.15063561159061462,4,L'enfant (2022)
365,0.18809268345427715,0.46617223890790643,0,Swann in Love (1984)
366,0.03401836780792148,-0.059084612093770285,3,Intimate Strangers (2018)
367,0.2711415477623299,-0.4434678084846522,0,The Witness (2018)
368,-0.13336570260499578,0.1993790555334113,0,Elles (1997)
369,0.3170498468409129,-0.6037463986606115,5,The Princess of Montpensier (2010)
370,-0.5361889940971185,-0.5547334902179182,0,Code Geass: Akito the Exiled 3 - The Brightness Falls (2015)
371,0.7475547589904427,-0.08028762172861217,1,"Hatching, Matching, & Dispatching (2005)"
372,0.5734541500196758,-0.30326380838638006,0,"Frantz Fanon: Black Skin, White Mask (1995)"
373,0.5645617046034086,0.05665199416034724,1,Inside the Chinese Closet (2015)
374,0.33101558474303994,-0.16407121890237436,3,Cast No Shadow (2014)
375,0.7475547589904421,-0.08028762172861238,1,Fat Girl (2001)
376,-0.788580891372296,0.22207717277388003,0,Tire au flanc (1928)
377,0.5921500121821687,-0.4151443453292653,0,The Unexpected Child (2019)
378,-0.04794868201860264,-0.36772277530578823,5,Falkenberg Farewell (2006)
379,-0.319995407598757,-0.6699391950252213,0,Godzilla: Tokyo S.O.S. (2003)
380,-0.3571893339242285,0.6854183777430896,0,Raw Deal (1977)
381,0.1568491589743141,-0.7347445398492605,0,Si j'étais elle (2004)
382,-0.17642576439274715,-0.1489695693699062,3,L'enfant endormi (2004)
383,0.13138236344594112,0.4340854812512362,3,Amour Fou (2014)
384,-0.011757591891549702,0.026896410760893164,3,Shinmitsuna tanin (2021)
385,0.03292785803928225,0.35059497607307394,2,Number One Fan (2014)
386,0.5678591560893765,0.4452989701291398,0,The Vanished Elephant (2014)
387,0.721347114493394,-0.2859285384110758,0,Heartbeat (2010)
388,0.46009293871037343,0.4288804359726929,3,On My Way (2013)
389,-0.12466242080812892,0.8085812421276044,0,Young and Miserable or A Man Screaming Is Not a Dancing Bear (2016)
390,-0.0046271840930753975,0.2773838032332215,4,Amour fou (2020)
391,0.21695433597977545,-0.5313745849999567,5,Oxygen (2020)
392,-0.392410955715181,-0.5451597850050705,0,Athena: Goddess of War (2010)
393,0.46955127027484556,0.6201569445943759,0,Code Geass: Akito the Exiled Final - To Beloved Ones (2016)
394,-0.06295817402892455,-0.42243113497028795,0,Nachala hanem (1953)
395,-0.4733150572406342,-0.18965878127003682,2,Kislorod (2009)
396,-0.10326702236393115,-0.048666373701151344,3,Suçlu Benim (1953)
397,-0.20292786208942698,0.17181723972592566,3,L'enfant lion (1993)
398,-0.347425476695198,0.6161233131857877,4,Punttikomedia (2022)
399,-0.425617769042622,0.22194309128240267,4,Love is in the Air (2013)
400,0.6476727635093277,0.29696793624424894,0,Flaming Brothers (1987)
401,-0.32141454508918677,0.20632646860597895,0,The Rules of the Game (1999)
402,0.1431510367565504,-0.07625135949806444,3,I Know Who You Are (2000)
403,-0.00575138098635758,0.7642533676690972,0,Mission: Monte Carlo (1974)
404,-0.7258682578623654,0.03889269271697881,2,Wa dong ren (2002)
405,0.007293626079038033,-0.7738721912317106,0,Smutek paní Snajderové (2008)
406,-0.09058912465612422,0.8123163416690945,0,The Assassin (2015)
407,-0.339500249742434,-0.25196339892989955,2,A Flame in My Heart (1987)
408,-0.12364453468320116,0.2426758207324149,2,Avec amour et acharnement (2022)
409,-0.14566465458164923,0.28889368842536195,4,Song of the Assassins (2022)
410,-0.28532387538269754,0.5783328070486073,4,Tokyo Noir (2004)
411,0.15830983368313745,-0.15661643994874586,3,The Witness (2019)
412,0.10190255538460521,0.3679174282014936,3,Dancing the Twist in Bamako (2021)
413,-0.3621023552677666,0.05206043294440492,4,The Witnesses (2021)
414,-0.04735639309698971,0.5754379985086122,0,The Romantic Exiles (2015)
415,0.11166989649835371,0.5745437569938976,0,"Elle boit pas, elle fume pas, elle drague pas, mais... elle cause! (1970)"
416,0.4724489940062236,-0.09428471524029389,1,Lorsque l'enfant paraît (1956)
417,-0.2822143354983855,0.7350515820195045,0,Nos enfants chéris (2003)
418,-0.8242777637374957,-0.07907683501632015,0,YPF (2007)
419,0.09173035863738124,0.17886417204797042,3,Hatching (2022)
420,0.6744079588615061,-0.0356036656883975,1,The Red Circle (1960)
421,-0.5588020959857731,-0.16516245115257977,2,A Castle in Spain (2007)
422,-0.21526894760088483,-0.37768637308239256,0,Assassination on the Tiber (1979)
423,0.29064280665875364,0.5923723025006729,0,Nobody's Hero (2022)
424,-0.29394423444974305,-0.6490270148288283,0,"Farewell, My Queen (2012)"
425,0.7243499201408069,-0.06254948022758587,1,Sword of the Assassin (2012)
426,-0.2472487757551278,0.2886123068210994,4,My Best Friend Anne Frank (2021)
427,0.6472427623174118,-0.28969887023544333,0,La educación de las hadas (2006)
428,-0.11277289417088054,-0.39231068975957284,3,Amelie or The Time to Love (1961)
429,-0.0464938019498806,0.7109006476108725,0,The Hunting Party (1971)
430,0.2324662110560585,0.4580280884857632,0,Enteng Kabisote: Okay ka fairy ko... The legend (2004)
431,-0.3933663700247822,-0.01597241968982796,2,A New Love in Tokyo (1994)
432,0.22467762762121285,-0.10100361955975716,0,In the Name of Love (2011)
433,-0.35102978117244293,0.38790491977852004,4,Heartbeats (2019)
434,0.5009826647796963,-0.6036601664824629,0,Queen's Blade: The Exiled Virgin (2009)
435,-0.5420785047914842,0.47717581210672233,0,Oxygen (2010)
436,0.4609611536573384,-0.37148180180493046,0,Super-héros malgré lui (2021)
437,0.6154837183979573,-0.20281939670413635,1,Point-Blank (2019)
438,0.16502022317525428,-0.029388866492216587,3,Xiao zi ming da (1979)
439,-0.35294481129578953,0.3183268796269263,4,Magic Hour: Tom Alone (1989)
440,-0.25908264778373846,-0.06324540158912015,5,Raw Wind in Eden (1958)
441,0.35785921742714827,-0.501809495834725,0,Heartbeat (2014)
442,0.3247172882455836,0.6452360731373921,0,Miami Supercops (1985)
443,-0.20174889005169497,-0.2313500327214517,0,Mountain Miracle (2017)
444,0.06931114517017072,-0.520979928244807,0,"Yi ban hai shui, yi ban huo yan (2008)"
445,-0.014738654531987376,-0.10066974255172542,3,In the Shadow of Iris (2016)
446,-0.7082886201097404,0.28678755251499577,0,Tokyo Shaking (2021)
447,-0.5354575436413223,0.4475979943373181,0,You Deserve a Lover (2019)
448,-0.1059710979218971,0.732396807641874,0,Supercop 2 (1993)
449,0.25745529593362265,-0.5312707310666631,0,A Witness Out of the Blue (2019)
450,0.03710623229494207,-0.19625752529394713,3,The Guilty (2000)
451,-0.12243733928380994,0.6701281587136932,0,Perfect Love (1996)
452,-0.09043831002045599,-0.6241719625063453,5,The Assassination at Sarajevo (1975)
453,-0.06640169954793028,0.7293534693170187,0,The Midwife (2014)
454,-0.5813929227493977,0.17392749590485101,2,3 Extremes II (2002)
455,0.4982788857361356,-0.6545102279254752,0,La question humaine (2007)
456,0.6347963163946845,-0.02152016811786298,1,Labyrinth of Flames (2000)
457,-0.04754940812517193,-0.058984275299191966,3,Mother's Elling (2003)
458,0.21601291551700172,0.3642590790296414,3,Winter's Child (1989)
459,0.6840705925979256,0.336213874566467,0,Daddy or Mommy (2015)
460,0.030717411389805493,0.1514140699002288,3,Tout contre elle (2019)
461,0.5322523389412093,0.146391672248397,3,Max My Love (1986)
462,0.7174868678261812,-0.4097841941643928,0,Poison Ivy (1953)
463,0.020759107928446343,0.39825452941087236,3,Z for Zachariah (2015)
464,0.34210039323796115,0.2960821569227045,0,Yankesicinin aski (1965)
465,0.7279995263890096,0.15857918359460044,0,Saint Amour (2016)
466,-0.5823893925727434,-0.14500960799521578,2,Heugsuseon (2001)
467,0.12986849277766618,-0.5609891110185905,0,A Woman in Flames (1983)
468,0.16369977534794172,0.5369461517887949,5,The Midwife (2015)
469,-0.33566186925771996,-0.4877907629456793,5,Exiled: The Chosen Ones (2022)
470,-0.08465816211579405,-0.2993888211396606,0,Wo chi le na nan hai yi zheng nian de zao can (2022)
471,-0.34040820233321334,-0.5852434368342062,0,Dragon Ball Z: Bio-Broly (1994)
472,0.4922857829893992,0.14319642311534816,3,The Young and the Guilty (1958)
473,0.08653190997213926,-0.7318140922075826,0,"Mi iubita, mon amour (2021)"
474,-0.3573279180585708,-0.6811420231588874,0,My Best Friend's Girl (1983)
475,-0.008392279102214155,-0.7776335315329597,0,Lady Chatterley's Lover (1955)
476,-0.5363536129765917,0.6319353830663126,0,Paradise Now (1970)
477,-0.15691206524214885,0.3931400773864477,4,Dreamchild (2020)
478,0.4721498791584981,0.5421324429183734,0,Brother and Sister (2022)
479,-0.8040486725959881,0.15520600608688462,0,Mexico in Flames (1982)
480,0.40230867434879175,0.6508566426593243,0,The Outskirts of Alphaville (2003)
481,-0.1393848883463735,-0.13108011316977847,0,"Elle ne pleure pas, elle chante (2011)"
482,-0.020340033647252405,0.06339320352877419,3,1er amour (2013)
483,-0.37064705008545196,-0.15948250106571912,2,L'assassin n'est pas coupable (1946)
484,0.08907343759050997,0.2980145811784222,0,The Maid (1990)
485,-0.347425476695198,0.6161233131857867,4,A Priceless Love (2022)
486,0.12150079484655302,0.8048248355669635,0,Miracles Still Happen (1974)
487,-0.8083264427593406,-0.15903462370954952,0,Ren yu duo duo (2005)
488,0.25161875423266744,-0.6732940086935367,0,Bobby Z (2007)
489,-0.26929737804319853,0.2547937631221437,4,Crystal Fairy & the Magical Cactus (2013)
490,0.5816099497168936,-0.5854134022037778,0,Séraphin (1950)
491,0.6340314070986063,0.3744369007021848,0,L'enfant de nuit (1978)
492,-0.21430650209334012,0.24057456756904927,4,Blessed Madness (2018)
493,-0.7083198689462151,0.28669797325214524,0,Bombs Over Monte Carlo (1931)
494,-0.5356676347490469,-0.3680917165181659,2,"Le fils de l'épicière, le maire, le village et le monde (2020)"
495,0.4849972665314716,0.0704459895756445,1,Bamako Chicken (2015)
496,-0.017497684239690513,0.8159899381503057,0,Z-O-M-B-I-E-S 2 (2020)
497,0.2797198737099887,0.7665664280097637,0,Kärlek och störtlopp (1946)
498,-0.24296224410624323,-0.11995924134822682,3,Oxygen (1970)
499,-0.5492973388519138,0.22975912931187628,0,"Elle court, elle court la banlieue (1973)"
500,-0.4750778943235649,0.22230528456430554,0,Little Flames (1985)
501,-0.32885702452855214,0.1648883227607311,0,Young Mother 3 (2015)
502,-0.273172584121274,-0.007023441743053534,0,The Closet (2020)
503,-0.7405442156019912,-0.040108746666064364,2,Nous irons à Monte Carlo (1951)
504,0.07842783531210133,-0.6949754083684538,5,Mordet på Trotskij (1972)
505,0.40085281593039046,0.5013610356657392,0,The Assassin Next Door (2009)
506,0.5194316700383925,-0.03531279311447584,1,The Vanished (2020)
507,-0.43376018795923615,-0.45899222760011954,5,Assassination Classroom: The Graduation (2016)
508,0.39880845927263525,-0.6152391563145888,0,Tokyo Ghoul (2017)
509,-0.0941168765323703,-0.737051122932395,5,The Titan's Bride (2020)
510,0.07662767858368555,-0.01962910839835913,3,Fearless Hyena 3 (1980)
511,0.2495550807273536,0.44302816635225156,0,The Tomboy (1959)
512,0.46019503809621504,0.42872173457824997,3,The Night of the Hunted (1980)
513,0.23816996304648824,0.6139701532703941,0,The Big Love Picture (2019)
514,0.19979720156527656,0.1357411687888624,0,Prenez la queue comme tout le monde (1973)
515,0.7627365033814743,-0.017128673589201428,0,The Guilty Ones (2019)
516,0.44027801457079907,-0.5689727676309861,0,Roberto Carlos a 300 Quilômetros por Hora (1971)
517,-0.7333437032005631,-0.3685400365329752,0,Elles (2011)
518,-0.5361947821136975,-0.5547262540661752,0,The Maiden (1955)
519,0.40870364892506117,0.7079684009623114,0,Elle et moi (1952)
520,0.5733080014889074,-0.4728286365542416,0,Confessions of a Young American Housewife (1974)
521,0.2722195261765629,-0.29479490483123877,0,Trophy Wife (2014)
522,0.08990709365240065,0.5078018146169923,0,In the Name of Love (2008)
523,-0.11326880333930706,0.7554874564191473,0,Tomboys Unmasked (2010)
524,0.06872215948306269,-0.40396882714456345,0,The Sad Girls of the Mountains (2019)
525,0.5840332241793115,0.24111483095589875,3,The New Girlfriend (1999)
526,0.2787915436532479,-0.5681512423662015,0,Nowhere Girl (2015)
527,0.39880845927260344,-0.6152391563146018,0,"My Friends, My Love (2008)"
528,-0.3690752794005538,-0.6485249850647333,0,The Perfect Witness (2007)
529,0.1265342173893691,0.28150598165680196,0,The Assassins (2012)
530,0.0853030102074781,0.47727101865619836,0,París Tombuctú (1999)
531,0.6811148300521839,0.215821683210553,0,Amélie au pays des Bodin's (2010)
532,-0.12090579222110585,-0.594462267914723,5,A Farewell to Fools (2013)
533,0.6085208006607898,-0.110404459881263,1,Av: The Hunt (2020)
534,0.1538884694393268,0.8003986975499248,0,Walter and Carlo - Up on Daddys Hat (1985)
535,-0.20533512797788725,0.40583892367406516,4,Raw Target (1995)
536,0.5423626003754498,0.6146916123535714,0,Roberto Carlos e o Diamante Cor-de-Rosa (1968)
537,0.5685698284681816,0.3648657078339301,5,Witness in the War Zone (1987)
538,0.5191725696361721,-0.5568044134695077,0,Pickpockets (2018)
539,0.7225211882988332,0.3960517513399545,0,Face 'Caché' (2006)
540,0.37375144842624136,0.07389475006493793,0,Picture Mommy Dead (1966)
541,0.06810949199432738,-0.7735676133073754,0,Monkey's Playtime (1978)
542,-0.5361889651712148,-0.5547335263827571,0,A Real Young Girl (1976)
543,-0.20200434211611615,-0.5557438020115747,3,A Royal Affair (1949)
544,0.1300185349958541,0.612787003161604,0,Fire of Love (1968)
545,0.2252726738468857,-0.6205034578302893,0,The Most Assassinated Woman in the World (2018)
546,-0.5076283723118427,0.03516172035039167,2,Farewell Illusions (1985)
547,0.5705760444976719,-0.26523134170671137,0,"Up, Down and Sideways (1992)"
548,-0.4821884451680359,-0.10339419423354365,2,Mama Fairy and the Woodcutter (2018)
549,0.6233856717445946,-0.42347248940802723,0,The Vanished Murderer (2015)
550,-0.5539919028444915,-0.324679012345722,2,"Athena, Secret Agency - The Movie (2011)"
551,0.24173797472552308,0.5664702686356872,0,Mommy Is Coming (2012)
552,0.2734540294721369,0.696732944771662,0,Sexy Dancing (2000)
553,0.021146529443733183,-0.22399450794716055,3,A Royal Affair (2013)
554,0.41238065376041794,0.3661355270351797,3,Romasanta (2004)
555,-0.4899797745964438,-0.15435022480953128,2,Fuera de la ley (1998)
556,0.6861559451528847,0.20137393336133466,0,Frank & Fearless (2018)
557,-0.41700178885704325,0.3994990891225811,4,O kalyteros mou filos (2001)
558,-0.021609176170266337,0.45626156141056035,4,Ainsi soient-elles (1995)
559,0.0778266338508478,-0.10381410761719427,3,Dziewczyny z Dubaju (2021)
560,0.14372537460891574,-0.8063106673796643,0,The Army Game (1960)
561,0.04523741696652306,0.07136735824010475,3,Paranormal Activity 2: Tokyo Night (2010)
562,-0.3653940758867463,0.6165948016606403,4,Breathless (2012)
563,0.7552272980187397,0.10614685725990136,0,The Assassin's Code (2018)
564,-0.12545016434963982,-0.7146364806613944,5,Attack on Titan Part 1 (2015)
565,0.07662926874208853,-0.01962676242177471,3,The Happening (1967)
566,0.08212372548382184,-0.46846774083566595,0,The Southside Pickpocket (2013)
567,-0.33541241924543974,-0.747073040607063,0,"Female, Male, Gay, Lesbian (2013)"
568,0.7351449820761369,0.13451104970159403,0,A Witch's Way of Love (1997)
569,-0.4443252337679663,-0.08912125531105841,2,Famous Love Affairs (1961)
570,-0.6805772148413585,-0.4532469525571604,0,Young Mother (2013)
571,0.10988521927548074,-0.6225599837142428,5,Monzon Case: Second Trial (1996)
572,-0.01562148485185002,0.5217982764554076,4,The Rise of a Tomboy (2016)
573,-0.2948698806734234,-0.7654979234779905,0,Fearless Hyena 2 (1983)
574,0.6777777804372335,0.30382100879174234,0,Dragon Inn Part 1: The City of Sadness (2020)
575,0.3222667309236478,0.5372375482610718,0,Pickpockets Don't Go to Heaven (1992)
576,0.6567263539649225,-0.2538901950847965,1,Brothers by Blood (2020)
577,0.15962749483463326,-0.5401251135150513,0,Powerpuff Girls Z (2006)
578,-0.0339160164689306,-0.6953888464716562,5,Mrs. Miracle Animals: An Squirrel's Princess Bride (2017)
579,-0.044540885403940626,0.3572567258159932,4,Bidding Farewell (2007)
580,0.5474959033242683,0.11400538490089006,1,Young Lucrezia (1974)
581,-0.43867127784916565,-0.5354749064826487,0,Elle cause plus... Elle flingue (1972)
582,-0.4066070241996061,-0.5123754846889033,0,"So Young, So Lovely, So Vicious... (1975)"
583,0.20330217854817006,0.06028288902129164,3,Lady Chatterley in Tokyo (1977)
584,0.16583199826463765,-0.2867389640740592,3,"Casanova, Last Love (2019)"
585,-0.6096928137500794,-0.5445142657105343,0,Paratiisin lapset (1994)
586,0.32788517692449215,-0.653716230390216,0,Rånarna (2003)
587,-0.30693590809036403,-0.40516824234440835,1,Local Kid (2003)
588,0.6143335509012499,-0.2863146941340738,0,Dabangg 2 (2012)
589,-0.20985159277806084,0.6852335970103817,0,Beware of the Midwife (2021)
590,-0.5624639028597627,0.346404620236109,0,Scoot & Kassie's Christmas Adventure (2013)
591,-0.5723842975992731,0.38216168153712354,0,Je déteste les enfants des autres (2007)
592,0.06225155499417258,0.23326369686337015,3,The Celebrated Gisaeng (2014)
593,0.5191725799513192,-0.5568044039175345,0,Warning from Space (1956)
594,-0.23035151789005218,-0.7128512964589029,0,Tomboy (1985)
595,-0.6539296685151198,0.11546042306825427,0,Manden der ville være skyldig (1990)
596,0.2717806752975384,0.1889217453267617,3,Hatched (2013)
597,-0.5837272138350339,-0.5744000115860001,0,Take-Away Romance (2014)
598,-0.6374988109948014,0.034417971720060746,0,Ernest Goes to School (1994)
599,0.5294810081053042,0.41039134135255173,0,Young Mother 2 (2014)
600,0.3622706027031242,0.04596130326120478,3,A Heartbeat Away (2011)
601,0.04354302226854797,0.8115546739372458,0,Teen Titans Go! See Space Jam (2021)
602,0.1364219945701163,-0.31945143986231606,0,My Worst Best Friend (2015)
603,-0.14709018752544548,0.03802221756100254,0,"7 mujeres, 1 homosexual y Carlos (2004)"
604,-0.4200936748270354,0.5180113743773147,0,Death of a Prophet (1981)
605,-0.29489995028418553,-0.11410274042884974,0,"Walter and Carlo, Part II, Yes, It's Daddy (1986)"
606,-0.3689483927072965,0.24641196966045278,4,Génération oxygène (1991)
607,-0.8100849260831905,0.1253014996688256,0,The Grand Grandmaster (2020)
608,-0.06637892729610921,0.5249468925878724,2,Lady Chatterley Story (1989)
609,0.12071825413539189,-0.655194048450173,0,Ernest Goes to Africa (1997)
610,-0.7148186945382142,0.4098619276213887,0,Hot Chocolate (1992)
611,-0.40288728771896687,0.46497862525844275,4,Priceless Beauty (1988)
612,0.4093292450776494,-0.5345626055408267,0,Un amour de fantôme (2007)
613,0.30004576085659074,0.4066210441048291,0,Medium Raw: Night of the Wolf (2010)
614,0.20167237899624502,0.3618588101086146,0,My Best Friend's Wedding (2019)
615,-0.263902779796878,0.4858862800395734,4,Shola: Fire of Love (2004)
616,0.6511614045318536,0.4984423515148476,0,Talaash: The Hunt Begins... (2003)
617,0.7222477223668172,0.24769110313947015,0,Lady Chatterley's Passions 2: Julie's Secret (1995)
618,0.21495409895146006,-0.7914015364822223,0,Outside the Law (2002)
619,0.5360666511918059,0.035832922655951054,1,Love in Exile (2005)
620,0.5024449486249468,-0.3499779339386042,0,3-D Sex and Zen: Extreme Ecstasy (2011)
621,-0.23009055963205824,0.6443263056171918,4,Lemon Tree Passage (2014)
622,0.20211728105301663,-0.41059042552956654,0,Shadow Master (2022)
623,-0.24288795794629453,0.08401934141531667,0,Elles ne pensent qu'à ça... (1994)
624,0.35007617464296664,-0.013490409600923957,3,La petite Aurore l'enfant martyre (1952)
625,-0.2432468438584272,0.5848313446707296,4,The Hunt (2021)
626,-0.579199541542792,-0.4989492382706017,0,Raw: The Curse of Grete Müller (2013)
627,0.3187500710709728,0.3278527896663417,0,Deathstalker IV: Match of Titans (1991)
628,0.4397218629618196,-0.23549124081081618,0,L'enfant de l'amour (1930)
629,-0.6392286456084184,-0.3302499477901468,2,Starship Troopers 2: Hero of the Federation (2004)
630,0.04799435924103237,-0.6608407302433549,5,Operation Kid Brother (1967)
631,0.3037608450031836,-0.5218650543340884,0,Benidorm mon amour (2016)
632,-0.3250463356927442,-0.5781750314390608,0,Walter & Carlo i Amerika (1989)
633,0.6551226339341818,-0.18183116626542586,1,Fearless Tiger (1991)
634,0.5977316190935917,0.4694873578001304,0,Shadow Wolves (2019)
635,-0.4064283860504504,-0.18971698775586843,2,Aku Bukan Tomboy (2011)
636,-0.7522730350803702,-0.016517962657796755,2,Tokyo Species (2012)
637,0.7206753738125429,0.21159682470284516,0,The Lost Girls (2022)
638,-0.44248702386015987,-0.08705829411256519,2,The Secret of Carlos Castaneda (2018)
639,0.5921937826691713,-0.43797740217380837,0,A Fairy Tale Christmas (2005)
640,0.08656961471795403,-0.731807620058679,0,Titanic: The Legend Goes On... (2000)
641,-0.6487270114474389,-0.02096646774263654,2,Caché trouvé: prévention de l'échec scolaire en maternelle (2001)
642,0.25657994223372743,0.5781180299800395,0,In the Name of Love (2014)
643,-0.6582482206448907,-0.48282448261176864,0,"Oxygen In, Calories Out (1991)"
644,0.63975300299515,0.030490133216131782,1,The Most Beautiful Things Are Yet to Come (2014)
645,-0.25475014061560664,0.3831737316804704,4,Red Door and Lemon Tree
646,0.2886716530478483,-0.6101357802004873,0,Intimate Strangers (1981)
647,-0.10226173718697254,0.32977201256278654,5,Anis Don Demina - Naken (feat. Timbuktu) (2020)
648,0.7385010545658091,-0.09511238096285912,1,Our Children (2012)
649,0.49768325335880587,0.5109979962017955,0,I Am the Man from Timbuktu (2010)
650,0.15994985992016444,-0.38310262765413244,3,Athena Skates (2020)
651,0.6413223458342824,-0.41934802946912775,0,I'm in the Mood for Love (2021)
652,-0.5525277280555814,-0.09986577421119831,2,Boo's Ups and Downs (1963)
653,0.1906791565930923,-0.7538091566460627,0,"Paradise Now, Apocalypse Later (2013)"
654,-0.46672510301599496,-0.37686618598556126,2,The Girl Who Didn't Know What to Do (2021)
655,-0.5348310876795499,-0.4731096149866892,0,As the Fires Rage (2008)
656,0.1899880694653516,0.6005983252414895,0,Just the Two of Us (2015)
657,0.07662766472110659,-0.019629129016246638,3,Hamedullah: The Road Home (2012)
658,-0.6947577886369019,-0.07074246017836307,2,On the War on Drugs (2016)
659,-0.7164930574395256,0.017234259455722857,2,The Vanishing People of Little Andaman (1998)
660,0.7475547589904414,-0.08028762172861251,1,The Little Black Book: The Benning Family (2012)
661,0.6493430265302771,0.2175461032901497,0,Summer Hours (2017)
662,0.5710144990868881,0.29533737240794156,0,Breathless (2006)
663,-0.7057239927360904,-0.4171854641633363,0,Tomboy (2004)
664,0.6847225729534058,0.4552476020987371,0,Priceless (2016)
665,0.22001522015115116,-0.47093463485699283,0,A Surprise Wedding: 7 years of struggle After the Tohoku Earthquake and Tsunami (2018)
666,0.0855261251222678,-0.4285133033264986,5,The Big Picture (2018)
667,0.30891010357961163,0.7550838653693087,0,Burn Out (2013)
668,0.7475547589904414,-0.0802876217286124,1,Paradise Then and Now (2016)
669,-0.5027848766973718,0.1260542930304733,4,The Road Leads Home (2015)
670,0.4745085756492218,0.5641381853889192,0,Saudi Arabia: The War on Drugs (2013)
671,-0.620837074931397,-0.41523816189385593,0,The Man Who Knows Too Much (2002)
672,-0.7142141238826831,-0.04280842059584692,2,Contempt of Conscience (2008)
673,0.5325083935552585,-0.46906141859452816,0,The Rabbi's Daughter & the Midwife (2009)
674,0.5193680574381982,-0.28318061961205465,0,"Frantz Fanon, une vie, un combat, une oeuvre (2001)"
675,0.14378125740651354,-0.675920706308995,0,In the Name of Love! (2022)
676,-0.2011134428099668,-0.32621579280161017,2,"My Mother, the Nazi Midwife and Me (2012)"
677,-0.702899262548443,0.2006707117253541,2,The cultural journey to Timbuktu (2015)
678,-0.6442782946866954,0.19999443049056417,0,The Fairies: Fairy Magic (2005)
679,-0.3924109553351448,-0.5451597852420238,0,One Summer in New Paltz: A Cautionary Tale (2008)
680,-0.6304966339841811,0.28869582101837227,0,Bamako année 0 (2014)
681,0.2541826626285783,-0.608002747646666,0,"The 2 of us, tomorrow (2016)"
682,-0.09411687653384668,-0.7370511229323725,5,Priceless (2018)
683,0.005556584869389309,-0.7208649624452799,0,From Patrice to Lumumba (2019)
684,0.5957275841540838,0.5606354148260309,0,Mystery Cache (2011)
685,-0.7364930293030555,-0.022147004703057024,2,The Big Picture: Featurette on Charles Chauvel (2014)
686,-0.7165566743298373,-0.08324476899279132,2,Nobody Knows Who I am (2018)
687,-0.5921038574671323,-0.26676478399400144,2,The Black Book of Maidan (2014)
688,-0.3753596021158393,0.4691080583774564,4,Hide and Seek (2018)
689,-0.28532445262376704,0.2933926479102558,4,The Road Home (2011)
690,-0.3242371790197776,0.49343008559149504,4,Balthazar and I (2021)
691,-0.5900750805553355,0.3365901037785266,0,Sportsfreunde - We Can Start Another Round (2013)
692,-0.605976428596208,-0.1339263941179681,2,Fearless Hero (2011)
693,0.5694283385868013,0.5878686488067524,0,Raging Fire in the Prison (1958)
694,-0.09602522765012038,0.38694403457024323,0,Jemima the Trophy Wife (2019)
695,-0.45578885995332225,-0.39977045205728085,5,Balala the Fairies: The Movie (2013)
696,0.18794927510926548,0.7936324349605991,0,The Guilty Misfits (2017)
697,0.08345021480615579,-0.594111227316733,5,Lovaganza: La Grande Illusion (2022)
698,-0.48973660682612175,0.36934197119126166,0,Balthazar (1937)
699,0.3614241463609206,-0.5971739672774787,0,The Books Under the Sand (1997)
700,0.1898747164745922,0.31141119745179585,2,In the Name of Love (1994)
701,-0.158885865907659,0.5970286159024876,4,The Hunted (2022)
702,-0.0996713932590225,-0.34427590796555524,0,La môme aux boutons (1958)
703,-0.43903241852944935,0.5549033621856444,0,Daehakdeulgae (1983)
704,-0.010562023643368428,-0.4734318658018315,0,Yeogo yalgae (1977)
705,-0.6572113092860704,-0.2440597477562967,0,Oxygen Station (2022)
706,0.18027415771846939,0.32254553335908,3,Breathless (2015)
707,0.2558060939714125,-0.5091414837853713,5,Pierrot le fou
708,-0.6796610378394935,0.051302724985864315,2,Woven Wings of Our Children (2016)
709,-0.2649934240507538,-0.6067209037501688,0,Beer-tastic! 2 - Another round! (2021)
710,-0.5723842975842499,0.3821616815490632,0,The Importance of Being Ernest (2013)
711,0.6883390341688285,-0.025980935756840143,1,Exile
712,-0.7376102796440979,0.36460400031109175,0,The Last Grandmaster
713,-0.5723842976309621,0.38216168151193386,0,The Guilty Secret (2019)
714,-0.6030822091588647,-0.3121061404535746,2,Little Black Book (2021)
715,-0.20932743011523386,-0.4770333750896551,0,"Et puis, Amélie est partie (2019)"
716,-0.4748655646541061,0.46393660483549914,4,Reguly gry (2004)
717,0.6651252447966972,0.4099490942212896,0,In the Name of Love
718,-0.27588131547638717,0.7176324114501533,0,The Midwife (2020)
719,-0.21024786374254928,-0.745032590480046,0,Beauties in the Closet (2018)
720,0.30915231934335297,-0.7521349300054506,0,The Walk-In Closet (2018)
721,0.1899880694653428,0.600598325241491,0,Love Is for the Two of Us (1970)
722,-0.3594062572497929,0.4251788462168165,4,L'amour et les forêts (2023)
723,0.025864386873260196,0.5648047467974799,0,"Pare, mahal mo raw ako (2016)"
724,-0.3474254766951975,0.6161233131857864,4,Oxygen (2020)
725,-0.3556025606620044,-0.32585093935473136,2,Amulyam (Priceless) (1978)
726,0.5357765198110439,0.47396058041054884,0,Do Not Fight Even If Things Come To A Head (2019)
727,-0.19340530618113103,0.796485301179425,0,For Our Children (2020)
728,0.67205303414924,0.07743843584770538,1,Home Affairs: A Christmas Tale (2020)
729,0.31213851461053305,-0.11819130304999415,2,MILANKA - The Woman Who Knows
730,-0.37193412963550454,-0.0669004799229375,2,Nayanthara: Beyond the Fairy Tale
731,0.47508151482002825,-0.33857685163545553,0,The Godfather
732,-0.2690226813674094,0.5539825590760378,4,The Shawshank Redemption
733,-0.00936363684805259,-0.6381119329679986,5,Schindler's List
734,0.5419403093757709,-0.3010975983981946,0,Raging Bull
735,-0.49690914544130965,0.5702271566420605,0,Casablanca
736,-0.5417173415778365,0.5156005892150334,0,Citizen Kane
737,-0.15163933737978535,-0.615590704899615,5,Gone with the Wind
738,-0.2946107441880596,0.036050517658142725,0,The Wizard of Oz
739,0.17310406650203894,0.682691217271502,5,One Flew Over the Cuckoo's Nest
740,-0.24504869586135652,-0.5649066179805239,5,Lawrence of Arabia
741,0.3983728148759215,-0.46289227031051994,3,Vertigo
742,0.17523444664828458,0.1278418879220879,3,Psycho
743,0.5416352888915333,-0.18204169976287465,1,The Godfather Part II
744,-0.3185660078897771,-0.5457425390155787,0,On the Waterfront
745,-0.6865472800746762,-0.017471864173970134,2,Sunset Blvd.
746,-0.3873850379408608,0.08072511524391333,5,Forrest Gump
747,0.22758065827304036,-0.3200830684993225,3,The Sound of Music
748,-0.13582963012306523,-0.35093173039136416,0,12 Angry Men
749,0.031484768485340396,0.4534022883715006,0,West Side Story
750,0.4690824068334861,0.6205771264369851,0,Star Wars
751,-0.3074044758109343,0.5459195563339456,4,2001: A Space Odyssey
752,-0.5124661381971896,0.31878906475709556,0,E.T. the Extra-Terrestrial
753,-0.11654836115243059,0.6292898467325065,3,The Silence of the Lambs
754,-0.3573055143623517,0.5823581746271262,4,Chinatown
755,0.4695506726489381,0.6201574802743471,0,The Bridge on the River Kwai
756,-0.5408337355128015,0.11666888550403166,2,Singin' in the Rain
757,-0.005981209081926029,0.6004621854705329,0,It's a Wonderful Life
758,-0.6132135103058959,0.42181051293862537,5,Dr. Strangelove or: How I Learned to Stop Worrying and Love the Bomb
759,0.5350809897769506,0.5227639938891239,0,Some Like It Hot
760,-0.20566986503675516,0.6497473588761937,0,Ben-Hur
761,0.4695506610790892,0.62015749064494,0,Apocalypse Now
762,0.44434001365604686,-0.2661298811841952,0,Amadeus
763,-0.14851237130021241,-0.7035065062051123,5,The Lord of the Rings: The Return of the King
764,0.696878216323315,0.02473163709456121,1,Gladiator
765,0.16569111435438896,0.6330418980076244,0,Titanic
766,-0.7465414073825731,-0.18936716265710343,0,From Here to Eternity
767,-0.17877919646260892,0.6548390681325144,0,Saving Private Ryan
768,-0.07309756274795916,-0.026824530341016097,3,Unforgiven
769,-0.15932774675737016,0.8031906611516827,0,Raiders of the Lost Ark
770,-0.12545016435016246,-0.7146364806612375,5,Rocky
771,-0.39241095533277043,-0.5451597852435036,0,A Streetcar Named Desire
772,0.46008511096927895,0.42889470069707974,3,The Philadelphia Story
773,-0.4667174786987376,0.4891619289097018,0,To Kill a Mockingbird
774,-0.02079439453897106,0.42256104162472,4,An American in Paris
775,0.21037503213545708,-0.41243782419724373,5,The Best Years of Our Lives
776,0.7066670346401913,0.10430728390846238,0,My Fair Lady
777,0.5077419492184265,0.6483218783898035,0,A Clockwork Orange
778,0.17569613846139412,-0.18272778585415017,5,Doctor Zhivago
779,0.7058437711173576,-0.13219446256429482,1,The Searchers
780,-0.2508431886684986,-0.7331139963841184,0,Jaws
781,-0.094573433257596,-0.6848473965933318,5,Patton
782,-0.34742547669519774,0.6161233131857863,4,Butch Cassidy and the Sundance Kid
783,-0.48114594755043083,0.4248729092770534,0,The Treasure of the Sierra Madre
784,-0.3218789689660009,0.6466300015693793,4,"Il buono, il brutto, il cattivo"
785,-0.6170864283078619,0.4865958005239796,0,The Apartment
786,-0.3111673952052223,0.4501865097315184,4,Platoon
787,-0.19150159415207327,-0.6416193940708231,0,High Noon
788,0.016071475033720035,0.8139314562765352,0,Braveheart
789,0.5733296939219868,0.40123882515573855,5,Dances with Wolves
790,-0.3715966886220518,-0.7307287151939,0,Jurassic Park
791,0.3817051909960647,-0.19079696186591813,0,The Exorcist
792,-0.09457547729100807,-0.6848467315253028,5,The Pianist
793,-0.2968327842967293,-0.2881535485304492,2,Goodfellas
794,-0.4740381791273952,0.14459549281184234,5,The Deer Hunter
795,-0.1171087871985363,-0.6657620699610576,5,All Quiet on the Western Front
796,0.17982930219353804,0.6375627520092352,0,Bonnie and Clyde
797,0.027404838538877343,-0.8231798079206318,0,The French Connection
798,0.05852242241942571,0.5571599194270329,0,City Lights
799,-0.32327830517647116,-0.3289189123096598,2,It Happened One Night
800,0.2714218298698101,0.4673632783368585,0,A Place in the Sun
801,-0.38200856960465995,0.17014187139662393,4,Midnight Cowboy
802,-0.5972076625027799,0.47738468647823384,0,Mr. Smith Goes to Washington
803,0.7341504462856243,-0.20755788207808,0,Rain Man
804,0.1906842013228647,-0.7538074579904368,0,Annie Hall
805,0.16463580181378776,0.6852077705717068,0,Fargo
806,0.6430074051316105,-0.14653443875532035,1,Giant
807,0.4928097538554438,-0.0208706913037391,1,Shane
808,0.7475547589904412,-0.08028762172861247,1,The Grapes of Wrath
809,-0.44475036384870154,0.19995602788834693,0,The Green Mile
810,-0.19528317378265272,0.48304458343444756,4,Close Encounters of the Third Kind
811,0.49849947121126237,0.36202902551072347,0,Nashville
812,-0.347425476695198,0.6161233131857866,4,Network
813,-0.27284081848971264,0.6159169006202099,4,The Graduate
814,-0.7010735369019132,-0.26546359020296545,0,American Graffiti
815,-0.6650433575822249,0.14140805586343222,0,Pulp Fiction
816,0.4706286784471769,0.19541933135033027,1,Terms of Endearment
817,-0.21230298199649775,0.5278895446024,4,Good Will Hunting
818,-0.7926166754151437,-0.22042314052041126,0,The African Queen
819,-0.44221465978551566,0.4213432285395735,4,Stagecoach
820,0.36012851897969456,-0.732687486277826,0,Mutiny on the Bounty
821,-0.6170864193591159,0.4865958118438433,0,The Great Dictator
822,-0.6677892706660614,0.3538618161175278,0,Double Indemnity
823,0.41321865000483954,-0.5016010272616686,0,The Maltese Falcon
824,-0.6125901788987448,0.5581944180461196,0,Wuthering Heights
825,0.17676059703048252,-0.5822965629902722,0,Taxi Driver
826,0.35635748133166856,-0.5700668412408841,0,Rear Window
827,-0.3638091298562152,0.4974795370354249,4,The Third Man
828,-0.2454449747288648,0.2082638541464302,4,Rebel Without a Cause
829,0.033120279257497914,-0.2781323192020122,0,North by Northwest
830,0.5419403093757836,-0.3010975983982118,0,Yankee Doodle Dandy
